Магазин,Ссылка на магазин,Год основания,Продажи
SHULGAstudio,https://www.etsy.com/shop/SHULGAstudio,2016,"1,747"
LudaMelnick,https://www.etsy.com/shop/LudaMelnick,2015,"5,201"
GoodMoodMoon,https://www.etsy.com/shop/GoodMoodMoon,2014,"7,144"
13DaisyChains,https://www.etsy.com/shop/13DaisyChains,2015,"8,269"
OakandBlossom,https://www.etsy.com/shop/OakandBlossom,2014,"9,989"
PepperAlley,https://www.etsy.com/shop/PepperAlley,2014,126
YickeNL,https://www.etsy.com/shop/YickeNL,2017,116
ShibaKnits,https://www.etsy.com/shop/ShibaKnits,2017,420
SisterPlusSister,https://www.etsy.com/shop/SisterPlusSister,2016,"4,297"
NomadicChicken,https://www.etsy.com/shop/NomadicChicken,2016,448
HollandHartDesigns,https://www.etsy.com/shop/HollandHartDesigns,2016,"10,907"
MeSaleBordado,https://www.etsy.com/shop/MeSaleBordado,2014,566
sandandwill,https://www.etsy.com/shop/sandandwill,2013,"1,538"
VioletteAndRose,https://www.etsy.com/shop/VioletteAndRose,2011,670
agabag,https://www.etsy.com/shop/agabag,,0
TheCrystalShoeCo,https://www.etsy.com/shop/TheCrystalShoeCo,2012,"1,754"
MartenLab,https://www.etsy.com/shop/MartenLab,2013,293
ChumphonDesign,https://www.etsy.com/shop/ChumphonDesign,,0
InfinityPurse,https://www.etsy.com/shop/InfinityPurse,,0
PetitDunnocks,https://www.etsy.com/shop/PetitDunnocks,2015,"1,621"
FoxyFawnzy,https://www.etsy.com/shop/FoxyFawnzy,2009,446
BagNoir,https://www.etsy.com/shop/BagNoir,2010,"1,788"
ConstanceHandcrafted,https://www.etsy.com/shop/ConstanceHandcrafted,2013,"6,503"
TOMBASANA,https://www.etsy.com/shop/TOMBASANA,,0
beautifulvintage75,https://www.etsy.com/shop/beautifulvintage75,,0
NASHANDDUFF,https://www.etsy.com/shop/NASHANDDUFF,2014,"3,819"
ZoesBagBoutique,https://www.etsy.com/shop/ZoesBagBoutique,2007,"12,471"
ClutchHitz,https://www.etsy.com/shop/ClutchHitz,2015,796
Frolioli,https://www.etsy.com/shop/Frolioli,2010,"1,000"
AnaKoutsi,https://www.etsy.com/shop/AnaKoutsi,2012,"2,134"
Bookarelli,https://www.etsy.com/shop/Bookarelli,2013,"2,889"
NattiVintage,https://www.etsy.com/shop/NattiVintage,2015,155
Abrochados,https://www.etsy.com/shop/Abrochados,2014,48
TwineandLove,https://www.etsy.com/shop/TwineandLove,2020,"25,108"
XinhandcoGoods,https://www.etsy.com/shop/XinhandcoGoods,2016,"5,777"
DianaWorldStore,https://www.etsy.com/shop/DianaWorldStore,,0
queserabags,https://www.etsy.com/shop/queserabags,2015,966
SweetPeaTotes,https://www.etsy.com/shop/SweetPeaTotes,2007,"5,583"
maykobags,https://www.etsy.com/shop/maykobags,2012,"8,738"
armstreet,https://www.etsy.com/shop/armstreet,2012,"19,295"
VintageBoxFashions,https://www.etsy.com/shop/VintageBoxFashions,,0
FiMachine,https://www.etsy.com/shop/FiMachine,2014,"1,592"
WellReadCompany,https://www.etsy.com/shop/WellReadCompany,2019,"8,545"
SEmbroideredBoutique,https://www.etsy.com/shop/SEmbroideredBoutique,2013,"113,932"
SouthernTradeMark,https://www.etsy.com/shop/SouthernTradeMark,2014,"32,352"
meshkadesign,https://www.etsy.com/shop/meshkadesign,2010,"10,094"
Nopoku,https://www.etsy.com/shop/Nopoku,2014,986
monguyleather,https://www.etsy.com/shop/monguyleather,2015,"2,040"
katieUjanes,https://www.etsy.com/shop/katieUjanes,2013,"1,789"
ActiveLilieCreation,https://www.etsy.com/shop/ActiveLilieCreation,2016,29
kaaberlin,https://www.etsy.com/shop/kaaberlin,2013,"1,089"
EmmaGordonLondon,https://www.etsy.com/shop/EmmaGordonLondon,2008,"2,214"
simonabridal,https://www.etsy.com/shop/simonabridal,2017,154
ShiDesigns,https://www.etsy.com/shop/ShiDesigns,,0
YPSILONBAGS,https://www.etsy.com/shop/YPSILONBAGS,2014,"4,221"
TheNouveauCo,https://www.etsy.com/shop/TheNouveauCo,2014,639
SukiSaburDesigns,https://www.etsy.com/shop/SukiSaburDesigns,2012,"3,074"
Florencialeather,https://www.etsy.com/shop/Florencialeather,2020,111
KABRAS,https://www.etsy.com/shop/KABRAS,2015,81
JuniperAndLace,https://www.etsy.com/shop/JuniperAndLace,2013,"2,087"
navesdesign,https://www.etsy.com/shop/navesdesign,2015,"3,061"
MyCottonHouse,https://www.etsy.com/shop/MyCottonHouse,2013,"1,499"
Genuinemyself,https://www.etsy.com/shop/Genuinemyself,2015,696
alexbender,https://www.etsy.com/shop/alexbender,2011,"4,947"
spiculdegrau,https://www.etsy.com/shop/spiculdegrau,2013,461
SewCreativeforYou,https://www.etsy.com/shop/SewCreativeforYou,2013,931
BySuriKate,https://www.etsy.com/shop/BySuriKate,,0
BagsyMeFirst,https://www.etsy.com/shop/BagsyMeFirst,2013,"2,775"
AtelierLemnia,https://www.etsy.com/shop/AtelierLemnia,2014,37
alusIndonesia,https://www.etsy.com/shop/alusIndonesia,2015,"3,671"
leejune,https://www.etsy.com/shop/leejune,2012,"1,519"
HuntleighCo,https://www.etsy.com/shop/HuntleighCo,,0
EllenVintage,https://www.etsy.com/shop/EllenVintage,2010,"3,341"
EtHopDansLaPoche,https://www.etsy.com/shop/EtHopDansLaPoche,2016,"73,961"
allNickyPopUpCards,https://www.etsy.com/shop/allNickyPopUpCards,2017,"12,606"
9September,https://www.etsy.com/shop/9September,2013,"3,615"
TheGrungeMonkey,https://www.etsy.com/shop/TheGrungeMonkey,2013,"6,268"
RaniSmithDesigns,https://www.etsy.com/shop/RaniSmithDesigns,2015,559
MURIhandcraftedgoods,https://www.etsy.com/shop/MURIhandcraftedgoods,2012,"2,894"
kimberleymac,https://www.etsy.com/shop/kimberleymac,,0
CorkCraftsClay,https://www.etsy.com/shop/CorkCraftsClay,2015,"2,542"
SweetwaterMonograms,https://www.etsy.com/shop/SweetwaterMonograms,,0
KotenStudio,https://www.etsy.com/shop/KotenStudio,2016,885
allbyFEDI,https://www.etsy.com/shop/allbyFEDI,2012,"6,322"
AletasPurses,https://www.etsy.com/shop/AletasPurses,2016,45
JAMArtCreations,https://www.etsy.com/shop/JAMArtCreations,,0
MagicMountainIbiza,https://www.etsy.com/shop/MagicMountainIbiza,2014,82
OnlyArtisan,https://www.etsy.com/shop/OnlyArtisan,2014,"3,754"
MrLentz,https://www.etsy.com/shop/MrLentz,2011,"21,356"
boejackdesigns,https://www.etsy.com/shop/boejackdesigns,2016,"4,534"
TheOldCottageGarden,https://www.etsy.com/shop/TheOldCottageGarden,2013,"1,240"
JustPeacockEV,https://www.etsy.com/shop/JustPeacockEV,2012,"1,299"
OlgaHengst,https://www.etsy.com/shop/OlgaHengst,2013,390
VintageSignora,https://www.etsy.com/shop/VintageSignora,2014,825
EmmaFlorenceParis,https://www.etsy.com/shop/EmmaFlorenceParis,,0
AmoreTreasure,https://www.etsy.com/shop/AmoreTreasure,2010,"17,046"
Lescreasdemyrtille,https://www.etsy.com/shop/Lescreasdemyrtille,,0
TheaLouiseShop,https://www.etsy.com/shop/TheaLouiseShop,2015,"2,820"
simpliflydesign,https://www.etsy.com/shop/simpliflydesign,2014,299
BonneAmieBoutique,https://www.etsy.com/shop/BonneAmieBoutique,2012,440
eclu,https://www.etsy.com/shop/eclu,2007,"6,195"
ESTASSEN,https://www.etsy.com/shop/ESTASSEN,2016,1
Hurleyburleygifts,https://www.etsy.com/shop/Hurleyburleygifts,2015,"57,509"
PegandAwl,https://www.etsy.com/shop/PegandAwl,2010,"27,251"
YAMAKOfr,https://www.etsy.com/shop/YAMAKOfr,,0
cimarronhandbags,https://www.etsy.com/shop/cimarronhandbags,2015,356
hairoo,https://www.etsy.com/shop/hairoo,2012,"9,021"
MADEinLOVEDESIGN,https://www.etsy.com/shop/MADEinLOVEDESIGN,2012,"1,033"
ECOfriendlyBagsUA,https://www.etsy.com/shop/ECOfriendlyBagsUA,2021,0
VitaGordievska,https://www.etsy.com/shop/VitaGordievska,2014,174
RylasCorner,https://www.etsy.com/shop/RylasCorner,2013,"3,329"
CherrBags,https://www.etsy.com/shop/CherrBags,2014,"27,591"
SaloneStarr,https://www.etsy.com/shop/SaloneStarr,2013,"2,374"
Whimsybags,https://www.etsy.com/shop/Whimsybags,2011,"13,569"
RedOstrich,https://www.etsy.com/shop/RedOstrich,2010,526
CarrickMillAntiques,https://www.etsy.com/shop/CarrickMillAntiques,2020,470
mimizukuart,https://www.etsy.com/shop/mimizukuart,2015,676
MIENBerlin,https://www.etsy.com/shop/MIENBerlin,2016,"4,385"
IzouBijoux,https://www.etsy.com/shop/IzouBijoux,2012,"2,236"
CloesCloset,https://www.etsy.com/shop/CloesCloset,2011,"12,761"
TheHmongBags,https://www.etsy.com/shop/TheHmongBags,2016,"1,226"
frostpfoetchen,https://www.etsy.com/shop/frostpfoetchen,2013,"2,627"
StacyLavelleDesigns,https://www.etsy.com/shop/StacyLavelleDesigns,2013,"8,906"
JudiJumble,https://www.etsy.com/shop/JudiJumble,2012,"11,007"
LuluCrossing,https://www.etsy.com/shop/LuluCrossing,2015,"1,124"
MamaBleuDesigns,https://www.etsy.com/shop/MamaBleuDesigns,2010,"10,711"
vquadroitaly,https://www.etsy.com/shop/vquadroitaly,2010,266
TheGiftyRoom,https://www.etsy.com/shop/TheGiftyRoom,2016,"18,978"
EstherLous,https://www.etsy.com/shop/EstherLous,2016,197
ShopingMarket,https://www.etsy.com/shop/ShopingMarket,2015,640
TeslerMendelovitch,https://www.etsy.com/shop/TeslerMendelovitch,2013,135
ljcdesignss,https://www.etsy.com/shop/ljcdesignss,2012,"44,178"
TAPISHODESIGN,https://www.etsy.com/shop/TAPISHODESIGN,2013,"1,277"
MadameZouzou,https://www.etsy.com/shop/MadameZouzou,2012,414
HoltzLeather,https://www.etsy.com/shop/HoltzLeather,2014,"37,215"
MaddieKayDesign,https://www.etsy.com/shop/MaddieKayDesign,2010,"11,569"
WhirleyShirley,https://www.etsy.com/shop/WhirleyShirley,2011,"2,277"
ipolitaja,https://www.etsy.com/shop/ipolitaja,,0
